Kód,Název,Cena bez DPH,Cena s DPH,Poznamka
19106,ČISTÍCÍ OLEJ NA PLEŤ 3 v 1 - 50 ml,277.69,336.00
1910,ČISTÍCÍ OLEJ NA PLEŤ 3 v 1 - vzorek 13 ml,65.29,79.00
19376,NEUTRÁLNÍ HYDROFILNÍ OLEJ - 50 ml,171.90,208.00
1937,NEUTRÁLNÍ HYDROFILNÍ OLEJ - vzorek 13 ml,38.84,47.00
19503,PLEŤOVÝ OLEJ RŮŽE-JASMÍN - 10 ml,166.94,202.00
19504,PLEŤOVÝ OLEJ RŮŽE-JASMÍN - 20 ml,294.21,356.00
20153,JOJOBOVÝ OLEJ LZS - 10 ml,76.03,92.00
20155,JOJOBOVÝ OLEJ LZS - 30 ml,115.70,140.00
20156,JOJOBOVÝ OLEJ LZS - 50 ml,161.98,196.00
20157,JOJOBOVÝ OLEJ LZS - 100 ml,276.03,334.00
19636,ROSA FEMINNE CREME (růžový krém) - 30 ml,401.65,486.00
19646,KRÉM NA DOBRÉ RÁNO - 30 ml,317.36,384.00
19692,LALIUM - MAST - 5 ml,91.74,111.00
19696,LALIUM - MAST - 50 ml,262.81,318.00
19697,LALIUM - MAST - 100 ml,462.81,560.00
19226,DENALI - HOLICÍ OLEJ - 50 ml,279.34,338.00
19227,DENALI - HOLICÍ OLEJ - 100 ml,485.95,588.00
1922,DENALI - HOLICÍ OLEJ - vzorek 13 ml,64.46,78.00
19217,FEMINNA - MYCÍ OLEJ - 100 ml,219.83,266.00
19219,FEMINNA - MYCÍ OLEJ - 500 ml,942.15,1 140.00
1921,FEMINNA - MYCÍ OLEJ - vzorek 13 ml,47.93,58.00
19207,ADÉL - SPRCHOVÝ  OLEJ - 100 ml,376.86,456.00
19208,ADÉL - SPRCHOVÝ  OLEJ - 200 ml,733.06,887.00
1920,ADÉL - SPRCHOVÝ  OLEJ - vzorek 13 ml,53.72,65.00
19357,YLANG-YLANG KOUPELOVÝ OLEJ - 100 ml,206.61,250.00
19358,YLANG-YLANG KOUPELOVÝ OLEJ - 200 ml,359.50,435.00
19716,MANUKOVÝ GEL - 50 ml,228.10,276.00
1971,MANUKOVÝ GEL - vzorek 13 ml,57.85,70.00
19027,MASÁŽNÍ OLEJ PROTI STRIÍM - 100 ml,338.02,409.00
19004,MASÁŽNÍ OLEJ NA HRÁZ - 20 ml,163.64,198.00
19084,KARITÉ MASÁŽNÍ OLEJ - 20 ml,150.41,182.00
19093,EUGENIA - MASÁŽNÍ OLEJ - 10 ml,140.50,170.00
19065,SANT - MASÁŽNÍ OLEJ - 30 ml,222.31,269.00
19036,ANGELS - MASÁŽNÍ OLEJ - 50 ml,210.74,255.00
19044,MOTÝL - MASÁŽNÍ OLEJ - 20 ml,158.68,192.00
19655,BALZÁM NA PRSA - 30 ml,204.13,247.00
19014,"JOJOBOVÝ OLEJ PŘIVÍTÁNÍ, PSP - 20 ml",211.57,256.00
19135,VĚTŘÍČEK - MASÁŽNÍ OLEJ - 30 ml,161.98,196.00
70007,SUCHÉ UBROUSKY PERLIČKA  malá (v igelitovém sáčku se zipem),42.15,51.00
19257,BERUŠKA - BALZÁM NA MYTÍ VLASŮ - 100 ml,333.06,403.00
1925,BERUŠKA - BALZÁM NA MYTÍ VLASŮ - vzorek 13 ml,56.20,68.00
20256,MANDLOVÝ OLEJ lisovaný za studena - 50 ml,90.08,109.00
20257,MANDLOVÝ OLEJ lisovaný za studena - 100 ml,142.15,172.00
20258,MANDLOVÝ OLEJ lisovaný za studena - 200 ml,238.84,289.00
20259,MANDLOVÝ OLEJ lisovaný za studena - 500 ml,533.88,646.00
20250,MANDLOVÝ OLEJ lisovaný za studena - 1000 ml,968.60,1 172.00
19126,DĚTSKÝ OLEJÍČEK S LEVANDULÍ - 50 ml,175.21,212.00
19127,DĚTSKÝ OLEJÍČEK S LEVANDULÍ - 100 ml,297.52,360.00
19128,DĚTSKÝ OLEJÍČEK S LEVANDULÍ - 200 ml,549.59,665.00
19676,KALISTO - KRÉM S KAROTENEM - 30 ml,342.15,414.00
19667,KALISTO - JOJOBOVÉ MLÉKO - 100 ml,350.41,424.00
19685,LESNÍ BALZÁM - 30 ml,185.12,224.00
19113,NOSNÍ OLEJ - 10 ml,137.19,166.00
19427,JASÁNEK - SPREJ NA ČIŠTĚNÍ VZDUCHU - 100 ml,152.07,184.00
19428,JASÁNEK - SPREJ NA ČIŠTĚNÍ VZDUCHU - 200 ml,249.59,302.00
19429,JASÁNEK - SPREJ NA ČIŠTĚNÍ VZDUCHU - 500 ml,452.07,547.00
19427S,JASÁNEK - SPREJ NA ČIŠTĚNÍ VZDUCHU - 100 ml sklo,167.77,203.00
30004,SADA K PORODU PRO MAMINKU A MIMINKO,529.75,641.00
30003,DÁRKOVÁ SADA PRO NOVOROZENĚ,411.57,498.00
30005,SADA PRO MAMINKU V ŠESTINEDĚLÍ,478.51,579.00
70001,MUŠLIČKA - 1 ks,152.07,184.00
70002,MUŠLIČKA + AEOLUS,352.07,426.00
70003,MUŠLIČKA + ÉTERICKÝ OLEJ CITRON,237.19,287.00
70004,MUŠLIČKA + ÉTERICKÝ OLEJ EUKALYPTUS ŠPANĚLSKÝ,222.31,269.00
70005,MUŠLIČKA + ÉTERICKÝ OLEJ GRAPEFRUIT,294.21,356.00
70006,MUŠLIČKA + ÉTERICKÝ OLEJ LEMONGRAS,222.31,269.00
70008,MUŠLIČKA + ÉTERICKÝ OLEJ POMERANČ,207.44,251.00
19941,"RŮŽE V JOJOBĚ, 99 % PSP - 3 ml",166.94,202.00
19942,"RŮŽE V JOJOBĚ, 99 % PSP - 5 ml",233.06,282.00
19943,"RŮŽE V JOJOBĚ, 99 % PSP - 10 ml",385.12,466.00
16713,AEOLUS - 10 ml,208.26,252.00
16733,RESCUE - 10 ml,182.64,221.00
16734,RESCUE - 20 ml,325.62,394.00
16702,VÁNOCE - 5 ml,118.18,143.00
16703,VÁNOCE - 10 ml,180.99,219.00
19323,POSILUJÍCÍ KOUPEL - 10 ml,114.05,138.00
11201,BERGAMOT SICILSKÝ - 2 ml,66.94,81.00
11202,BERGAMOT SICILSKÝ - 5 ml,108.26,131.00
11203,BERGAMOT SICILSKÝ - 10 ml,195.04,236.00
11204,BERGAMOT SICILSKÝ - 20 ml,378.51,458.00
11206,BERGAMOT SICILSKÝ - 50 ml,900.83,1 090.00
11322,BOROVICE KLEČ - 5 ml,105.79,128.00
11323,BOROVICE KLEČ - 10 ml,189.26,229.00
11321,BOROVICE KLEČ - vzorek 2 ml,66.12,80.00
11403,CEDROVÉ DŘEVO - 10 ml,66.12,80.00
11404,CEDROVÉ DŘEVO - 20 ml,117.36,142.00
11406,CEDROVÉ DŘEVO - 50 ml,270.25,327.00
11401,CEDROVÉ DŘEVO - vzorek 2 ml,42.98,52.00
11512,CITRON ITALSKÝ - 5 ml,57.02,69.00
11513,CITRON ITALSKÝ - 10 ml,85.12,103.00
11514,CITRON ITALSKÝ - 20 ml,152.07,184.00
11516,CITRON ITALSKÝ - 50 ml,343.80,416.00
11517,CITRON ITALSKÝ - 100 ml,631.40,764.00
11511,CITRON ITALSKÝ - vzorek 2 ml,47.11,57.00
11702,CYPŘIŠ - 5 ml,65.29,79.00
11703,CYPŘIŠ - 10 ml,104.96,127.00
11704,CYPŘIŠ - 20 ml,194.21,235.00
11706,CYPŘIŠ - 50 ml,447.11,541.00
11707,CYPŘIŠ - 100 ml,782.64,947.00
11701,CYPŘIŠ - vzorek 2 ml,48.76,59.00
11951,EUKALYPTUS CITRONOVONNÝ - 2 ml,45.45,55.00
11952,EUKALYPTUS CITRONOVONNÝ - 5 ml,52.89,64.00
11953,EUKALYPTUS CITRONOVONNÝ - 10 ml,76.86,93.00
11954,EUKALYPTUS CITRONOVONNÝ - 20 ml,134.71,163.00
11956,EUKALYPTUS CITRONOVONNÝ - 50 ml,295.04,357.00
11957,EUKALYPTUS CITRONOVONNÝ - 100 ml,545.45,660.00
11982,FENYKL SLADKÝ - 5 ml,59.50,72.00
11983,FENYKL SLADKÝ - 10 ml,90.91,110.00
11984,FENYKL SLADKÝ - 20 ml,165.29,200.00
11981,FENYKL SLADKÝ - vzorek 2 ml,47.93,58.00
12102,"GERANIUM ROSE, PSP - 5 ml",186.78,226.00
12103,"GERANIUM ROSE, PSP - 10 ml",338.02,409.00
12104,"GERANIUM ROSE, PSP - 20 ml",649.59,786.00
12106,"GERANIUM ROSE, PSP - 50 ml",1 469.42,1 778.00
12107,"GERANIUM ROSE, PSP - 100 ml",2 717.36,3 288.00
12101,"GERANIUM ROSE, PSP - vzorek 2 ml",102.48,124.00
12602,JALOVEC EXTRA - 5 ml,137.19,166.00
12603,JALOVEC EXTRA - 10 ml,238.84,289.00
12601,JALOVEC EXTRA - vzorek 2 ml,80.99,98.00
12813,JEDLE BĚLOKORÁ - 10 ml,95.87,116.00
12811,JEDLE BĚLOKORÁ - vzorek 2 ml,48.76,59.00
12902,KADIDLOVNÍK pilovitý (Olibanum) - 5 ml,162.81,197.00
12901,KADIDLOVNÍK pilovitý (Olibanum) - vzorek 2 ml,91.74,111.00
13002,KMÍN - 5 ml,63.64,77.00
13001,KMÍN - vzorek 2 ml,49.59,60.00
13213,LAVANDIN SUPER - 10 ml,106.61,129.00
13214,LAVANDIN SUPER - 20 ml,196.69,238.00
13211,LAVANDIN SUPER - vzorek 2 ml,50.41,61.00
13253,LEMONGRAS - 10 ml,78.51,95.00
13254,LEMONGRAS - 20 ml,137.19,166.00
13251,LEMONGRAS - vzorek 2 ml,45.45,55.00
13352,LEVANDULE MAILLETTE - 5 ml,96.69,117.00
13353,LEVANDULE MAILLETTE - 10 ml,175.21,212.00
13354,LEVANDULE MAILLETTE - 20 ml,328.10,397.00
13358,LEVANDULE MAILLETTE - vzorek 2 ml,62.81,76.00
13362,"LEVANDULE MAILLETTE, PSP - 5 ml",114.88,139.00
13363,"LEVANDULE MAILLETTE, PSP - 10 ml",204.13,247.00
13364,"LEVANDULE MAILLETTE, PSP - 20 ml",385.95,467.00
13366,"LEVANDULE MAILLETTE, PSP - 50 ml",867.77,1 050.00
13367,"LEVANDULE MAILLETTE, PSP - 100 ml",1 604.96,1 942.00
13361,"LEVANDULE MAILLETTE, PSP - vzorek 2 ml",69.42,84.00
13502,MANDARINKA ČERVENÁ - 5 ml,78.51,95.00
13503,MANDARINKA ČERVENÁ - 10 ml,132.23,160.00
13504,MANDARINKA ČERVENÁ - 20 ml,248.76,301.00
13501,MANDARINKA ČERVENÁ - vzorek 2 ml,55.37,67.00
13602,MANUKA - 5 ml,290.91,352.00
13603,MANUKA - 10 ml,543.80,658.00
13604,MANUKA - 20 ml,1 056.20,1 278.00
13606,MANUKA - 50 ml,2 416.53,2 924.00
13607,MANUKA - 100 ml,4 470.25,5 409.00
13601,MANUKA - vzorek 2 ml,145.45,176.00
13902,MÁTA PEPRNÁ - 5 ml,82.64,100.00
13903,MÁTA PEPRNÁ - 10 ml,139.67,169.00
13904,MÁTA PEPRNÁ - 20 ml,265.29,321.00
13906,MÁTA PEPRNÁ - 50 ml,631.40,764.00
13907,MÁTA PEPRNÁ - 100 ml,1 167.77,1 413.00
13901,MÁTA PEPRNÁ - vzorek 2 ml,57.02,69.00
14002,MATEŘÍDOUŠKA - 5 ml,95.04,115.00
14003,MATEŘÍDOUŠKA - 10 ml,166.12,201.00
14004,MATEŘÍDOUŠKA - 20 ml,319.01,386.00
14006,MATEŘÍDOUŠKA - 50 ml,749.59,907.00
14007,MATEŘÍDOUŠKA - 100 ml,1 387.60,1 679.00
14001,MATEŘÍDOUŠKA - vzorek 2 ml,61.98,75.00
14602,PAČULI - 5 ml,68.60,83.00
14603,PAČULI - 10 ml,110.74,134.00
14604,PAČULI - 20 ml,204.96,248.00
14606,PAČULI - 50 ml,480.99,582.00
14601,PAČULI - vzorek 2 ml,51.24,62.00
14703,PETITGRAIN (POMERANČOVÉ LISTÍ) - 10 ml,110.74,134.00
14701,PETITGRAIN (POMERANČOVÉ LISTÍ) - vzorek 2 ml,51.24,62.00
14803,POMERANČ SLADKÝ - 10 ml,63.64,77.00
14804,POMERANČ SLADKÝ - 20 ml,111.57,135.00
14801,POMERANČ SLADKÝ - vzorek 2 ml,42.98,52.00
15112,ROZMARÝN - 5 ml,71.07,86.00
15113,ROZMARÝN - 10 ml,114.05,138.00
15114,ROZMARÝN - 20 ml,209.09,253.00
15116,ROZMARÝN - 50 ml,489.26,592.00
15117,ROZMARÝN - 100 ml,904.96,1 095.00
15111,ROZMARÝN - vzorek 2 ml,52.89,64.00
15303,RŮŽOVÁ PALMA - 10 ml,100.00,121.00
15301,RŮŽOVÁ PALMA - vzorek 2 ml,47.11,57.00
15701,"SKOŘICE, KŮRA - 2 ml",92.56,112.00
15702,"SKOŘICE, KŮRA - 5 ml",180.17,218.00
15703,"SKOŘICE, KŮRA - 10 ml",309.09,374.00
15704,"SKOŘICE, KŮRA - 20 ml",565.29,684.00
15706,"SKOŘICE, KŮRA - 50 ml",1 271.90,1 539.00
15707,"SKOŘICE, KŮRA - 100 ml",2 352.89,2 847.00
15751,"SMRK ZTEPILÝ, jehličí, PSP - 2 ml",75.21,91.00
15752,"SMRK ZTEPILÝ, jehličí, PSP - 5 ml",140.50,170.00
15753,"SMRK ZTEPILÝ, jehličí, PSP - 10 ml",233.06,282.00
15754,"SMRK ZTEPILÝ, jehličí, PSP - 20 ml",442.98,536.00
15756,"SMRK ZTEPILÝ, jehličí, PSP - 50 ml",1 004.13,1 215.00
15757,"SMRK ZTEPILÝ, jehličí, PSP - 100 ml",1 857.85,2 248.00
15902,ŠALVĚJ LÉKAŘSKÁ - 5 ml,75.21,91.00
15901,ŠALVĚJ LÉKAŘSKÁ - vzorek 2 ml,54.55,66.00
16002,"ŠALVĚJ MUŠKÁTOVÁ, DIVOKÁ, PSP - 5 ml",204.96,248.00
16003,"ŠALVĚJ MUŠKÁTOVÁ, DIVOKÁ, PSP - 10 ml",388.43,470.00
16004,"ŠALVĚJ MUŠKÁTOVÁ, DIVOKÁ, PSP - 20 ml",719.01,870.00
16006,"ŠALVĚJ MUŠKÁTOVÁ, DIVOKÁ, PSP - 50 ml",1 653.72,2 001.00
16007,"ŠALVĚJ MUŠKÁTOVÁ, DIVOKÁ, PSP - 100 ml",2 894.21,3 502.00
16001,"ŠALVĚJ MUŠKÁTOVÁ, DIVOKÁ, PSP - vzorek 2 ml",104.13,126.00
16051,TANGERINKA - ÉTERICKÝ OLEJ - 2 ml,44.63,54.00
16053,TANGERINKA - ÉTERICKÝ OLEJ - 10 ml,75.21,91.00
11801,TEA TREE (ČAJOVNÍK) - 2 ml,48.76,59.00
11803,TEA TREE (ČAJOVNÍK) - 10 ml,94.21,114.00
11804,TEA TREE (ČAJOVNÍK) - 20 ml,171.07,207.00
11805,TEA TREE (ČAJOVNÍK) - 50 ml,390.91,473.00
11807,TEA TREE (ČAJOVNÍK) - 100 ml,723.14,875.00
16501,YLANG-YLANG EXTRA - 2 ml,126.45,153.00
16502,YLANG-YLANG EXTRA - 5 ml,247.11,299.00
16503,YLANG-YLANG EXTRA - 10 ml,457.02,553.00
20207,LNĚNÝ OLEJ LISOVANÝ ZA STUDENA - 100 ml,89.26,108.00
20208,LNĚNÝ OLEJ LISOVANÝ ZA STUDENA - 200 ml,150.41,182.00
20209,LNĚNÝ OLEJ LISOVANÝ ZA STUDENA - 500 ml,335.54,406.00
20406,OLEJ Z PŠENIČNÝCH KLÍČKŮ LISOVANÝ ZA STUDENA - 50 ml,119.83,145.00
20757,OLEJ Z PECIČEK VINNÝCH HROZNŮ - 100 ml,123.14,149.00
20457,"OLIVOVÝ OLEJ  LZS, PSP - 100 ml",96.69,117.00
20458,"OLIVOVÝ OLEJ  LZS, PSP - 200 ml",155.37,188.00
20506,"PUPALKOVÝ OLEJ LZS, PSP - 50 ml",178.51,216.00
20507,"PUPALKOVÝ OLEJ LZS, PSP - 100 ml",330.58,400.00
20606,"SEZAMOVÝ OLEJ  LZS, PSP - 50 ml",81.82,99.00
11303,BOROVICE LESNÍ - 10 ml,85.95,104.00
11304,BOROVICE LESNÍ - 20 ml,152.89,185.00
11306,BOROVICE LESNÍ - 50 ml,342.15,414.00
11301,BOROVICE LESNÍ - vzorek 2 ml,47.11,57.00
16743,NETAKO - 10 ml,249.59,302.00
16744,NETAKO - 20 ml,409.92,496.00
20217,MAKADAMIOVÝ OLEJ - 100 ml,156.20,189.00
20218,MAKADAMIOVÝ OLEJ - 200 ml,271.90,329.00
16753,LEMONIA - 10 ml,173.55,210.00
16754,LEMONIA - 20 ml,259.50,314.00
19317,DELFÍNEK - DĚTSKÝ KOUPELOVÝ OLEJ - 100 ml,215.70,261.00
19318,DELFÍNEK - DĚTSKÝ KOUPELOVÝ OLEJ - 200 ml,361.98,438.00
19319,DELFÍNEK - DĚTSKÝ KOUPELOVÝ OLEJ - 500 ml,771.07,933.00
1931,DELFÍNEK - DĚTSKÝ KOUPELOVÝ OLEJ - vzorek 13 ml,44.63,54.00
12152,GERANIUM - 5 ml,89.26,108.00
12153,GERANIUM - 10 ml,154.55,187.00
12154,GERANIUM - 20 ml,295.04,357.00
12156,GERANIUM - 50 ml,710.74,860.00
12157,GERANIUM - 100 ml,1 314.05,1 590.00
12151,GERANIUM - vzorek 2 ml,59.50,72.00
13223,"LAVANDIN GROSSO, PSP - 10 ml",89.26,108.00
13224,"LAVANDIN GROSSO, PSP - 20 ml",165.29,200.00
13221,"LAVANDIN GROSSO, PSP - vzorek 2 ml",47.11,57.00
20317,MERUŇKOVÝ OLEJ lisovaný za studena - 100 ml,166.94,202.00
20556,"RICINOVÝ OLEJ LZS, PSP - 50 ml",80.99,98.00
20668,"SLUNEČNICOVÝ OLEJ LZS, PSP - 200 ml",109.59,132.60
20669,"SLUNEČNICOVÝ OLEJ LZS, PSP - 500 ml",168.60,204.00
20660,"SLUNEČNICOVÝ OLEJ LZS, PSP - 1000 ml",309.09,374.00
13102,KORIANDR - 5 ml,57.85,70.00
13103,KORIANDR - 10 ml,102.48,124.00
13104,KORIANDR - 20 ml,189.26,229.00
13106,KORIANDR - 50 ml,435.54,527.00
13107,KORIANDR - 100 ml,761.98,922.00
13101,KORIANDR - vzorek 2 ml,45.45,55.00
14302,MYRTA - 5 ml,164.46,199.00
14301,MYRTA - vzorek 2 ml,92.56,112.00
14652,PEPŘ ČERNÝ - 5 ml,123.14,149.00
14651,PEPŘ ČERNÝ - vzorek 2 ml,73.55,89.00
15922,ŠALVĚJ LEVANDULOLISTÁ - 5 ml,82.64,100.00
15921,ŠALVĚJ LEVANDULOLISTÁ - vzorek 2 ml,57.02,69.00
16602,YSOP (Yzop) - 5 ml,158.68,192.00
16601,YSOP (Yzop) - vzorek 2 ml,90.08,109.00
19534,HYDRATAČNÍ PLEŤOVÝ RŮŽOVÝ OLEJ - 20 ml,279.34,338.00
19665,KALISTO - BALZÁM NA RUCE - 30 ml,234.71,284.00
19267,LIGIA - MYCÍ BALZÁM NA VLASY - 100 ml,263.64,319.00
19268,LIGIA - MYCÍ BALZÁM NA VLASY - 200 ml,467.77,566.00
1926,LIGIA - MYCÍ BALZÁM NA VLASY - vzorek 13 ml,50.41,61.00
50021,"NEROLI  IM-PULS OLEJ, 99 % PSP - 8 ml",378.51,458.00
50011,"RŮŽE IM-PULS OLEJ, 99 % PSP - 8 ml",350.41,424.00
19544,OLIBANUM regener. olej a pleť. maska - 20 ml,309.92,375.00
19524,PLEŤOVÝ OLEJ LEVANDULE - 20 ml,261.16,316.00
19455,"RŮŽOVÁ VODA, HYDROLÁT, PSP - 30 ml",119.83,145.00
19457,"RŮŽOVÁ VODA, HYDROLÁT, PSP - 100 ml",259.50,314.00
19458,"RŮŽOVÁ VODA, HYDROLÁT, PSP - 200 ml",483.47,585.00
11312,"BOROVICE LESNÍ, DIVOKÁ, KbA, PSP - 5 ml",112.40,136.00
11311,"BOROVICE LESNÍ, DIVOKÁ, KbA, PSP - vzorek 2 ml",68.60,83.00
19387,MANDARINKOVO-LEVANDULOVÝ MYCÍ BALZÁM - 100 ml,248.76,301.00
19388,MANDARINKOVO-LEVANDULOVÝ MYCÍ BALZÁM - 200 ml,435.54,527.00
19389,MANDARINKOVO-LEVANDULOVÝ MYCÍ BALZÁM - 500 ml,866.12,1 048.00
1938,MANDARINKOVO-LEVANDULOVÝ MYCÍ BALZÁM - vzorek 13 ml,51.24,62.00
89001,KATALOG EONÉ PRO ŽENY V OBDOBÍ TĚHOTENSTVÍ,6.61,8.00,Ano
89010,plakát Eoné Kapka A4,30.00,36.30
89011,plakát Eoné Kapka A3,30.00,36.30
89013,plakát Eoné květy A3,30.00,36.30
89014,plakát Eoné květy A4,30.00,36.30
89015,plakát Eoné s výrobky A4,30.00,36.30
19417,NEUTRÁLNÍ OLEJ koupelový & sprchový - 100 ml,200.83,243.00
19418,NEUTRÁLNÍ OLEJ koupelový & sprchový - 200 ml,313.22,379.00
19419,NEUTRÁLNÍ OLEJ koupelový & sprchový - 500 ml,628.93,761.00
19410,NEUTRÁLNÍ OLEJ koupelový & sprchový - 1000 ml,1 054.55,1 276.00
1941,NEUTRÁLNÍ OLEJ koupelový & sprchový - vzorek 13 ml,38.84,47.00
40003,OLIBANUM - granulovaná pryskyřice - 7 g,40.50,49.00
14902,"RAVENSARA AROMATICA, PSP - 5 ml",123.97,150.00
14903,"RAVENSARA AROMATICA, PSP - 10 ml",225.62,273.00
14901,"RAVENSARA AROMATICA, PSP - vzorek 2 ml",85.95,104.00
19347,IMUNA - KOUPELOVÝ OLEJ - 100 ml,233.06,282.00
19348,IMUNA - KOUPELOVÝ OLEJ - 200 ml,380.17,460.00
1934,IMUNA - KOUPELOVÝ OLEJ - vzorek 13 ml,45.45,54.99
19157,MASÁŽNÍ OLEJ ZÁKLADNÍ - 100 ml,171.90,208.00
19158,MASÁŽNÍ OLEJ ZÁKLADNÍ - 200 ml,276.03,334.00
19159,MASÁŽNÍ OLEJ ZÁKLADNÍ - 500 ml,514.88,623.00
19150,MASÁŽNÍ OLEJ ZÁKLADNÍ - 1000 ml,930.58,1 126.00
50061,"JASMÍN IM-PULS OLEJ, 99% PSP - 8 ml",247.93,300.00
19175,TŘEZALKOVÝ OLEJ - 30 ml,66.94,81.00
19177,TŘEZALKOVÝ OLEJ - 100 ml,153.72,186.00
19179,TŘEZALKOVÝ OLEJ - 500 ml,641.32,776.00
40027,"Láhev PET se sprejem, bílá, 100ml",23.97,29.00
70009,MUŠLIČKA + VÁNOCE,324.79,393.00
70010,MUŠLIČKA + LEMONIA,317.36,384.00
40125,ŘEDÍCÍ LAHVIČKA SE SPREJEM,25.62,31.00
40025,Láhev PET se sprejem čirá 30ml,21.49,26.00,Ano
40035,LÁHEV PET S UZÁVĚREM BÍLÁ 30ml,14.88,18.00
40036,LÁHEV PET S UZÁVĚREM BÍLÁ 50ml,15.70,19.00
40037,LÁHEV PET S UZÁVĚREM BÍLÁ 100ml,20.66,25.00
40038,LÁHEV PET S ODKLÁPĚCÍM UZ. ČIRÁ  200ml,23.14,28.00
40047,LÉKOVKA SKLENĚNÁ HNĚDÁ 100ml - 1 ks,18.18,22.00
40047-68,LÉKOVKA SKLENĚNÁ HNĚDÁ 100ml - balení 68 ks,1 075.21,1 301.00
40050,UZÁVĚR NA LÉKOVKY BÍLÝ (PRO ÉTERICKÉ OLEJE),6.61,8.00,Ano
40062,DÓZA PLASTOVÁ BÍLÁ - 5 ml,14.88,18.00
40065,DÓZA PLASTOVÁ BÍLÁ - 30 ml,18.18,22.00
40066,DÓZA PLASTOVÁ BÍLÁ - 50 ml,19.83,24.00
40067,DÓZA PLASTOVÁ BÍLÁ - 100 ml,28.10,34.00
89021,KABELKA EONÉ,7.44,9.00
16652,ZÁZVOR (ODDENEK) - 5 ml,143.80,174.00
16651,ZÁZVOR (ODDENEK) - vzorek 2 ml,70.25,85.00
70020,AROMA-ANDÍLEK,85.95,104.00
13403,LITSEA CUBEBA - 10 ml,95.04,115.00
13401,LITSEA CUBEBA - vzorek 2 ml,49.59,60.00
11852,DOBROMYSL OBECNÁ (OREGANO) - 5 ml,83.47,101.00
11853,DOBROMYSL OBECNÁ (OREGANO) - 10 ml,142.98,173.00
13913,MÁTA KADEŘAVÁ - 10 ml,85.12,103.00,Ano
13911,MÁTA KADEŘAVÁ - vzorek 2 ml,40.50,49.00,Ano
13203,LAVANDIN GROSSO - 10 ml,84.30,102.00
13204,LAVANDIN GROSSO - 20 ml,150.41,182.00
13209,LAVANDIN GROSSO - vzorek 2 ml,46.28,56.00
19836,KAROTENOL 8 - 50 ml,300.00,363.00
19837,KAROTENOL 8 - 100 ml,558.68,676.00
19277,LIA intenzivní péče o vlasy (kondicionér) - 100 ml,177.69,215.00
40004,BENZOIN  pryskyřice styraxu - 7 g,66.12,80.00
19327,FEMME BALANCE koupelový a sprchový olej - 100 ml,367.77,445.00
1932,FEMME BALANCE koupelový a sprchový olej - vzorek 13 ml,71.90,87.00
19196,ŠÍPKOVÝ ČISTÍCÍ OLEJ - 50 ml,337.19,408.00
11603,CITRONELA - 10 ml,73.55,89.00
11604,CITRONELA - 20 ml,124.79,151.00
11601,CITRONELA - vzorek 2 ml,45.45,55.00
11963,"EUKALYPTUS RADIATA, PSP - 10 ml",129.75,157.00
11964,"EUKALYPTUS RADIATA, PSP - 20 ml",239.67,290.00
11961,"EUKALYPTUS RADIATA, PSP - vzorek 2 ml",47.11,57.00
16451,VETIVER (Vetiveria zizanoides) - 2 ml,68.60,83.00
16452,VETIVER (Vetiveria zizanoides) - 5 ml,108.26,131.00
20764,OLEJ Z ŠÍPKOVÝCH JADER - 20 ml,198.35,240.00
20766,OLEJ Z ŠÍPKOVÝCH JADER - 50 ml,385.12,466.00
30012,TESTOVACÍ SADA PŘI ATOPICKÉM EKZÉMU,200.00,242.00
30013,LAMPA PRO ODPAŘOVÁNÍ PRYSKYŘIC,117.36,142.00
11943,EUKALYPTUS GLOBULUS - 10 ml,71.90,87.00
11944,EUKALYPTUS GLOBULUS - 20 ml,129.75,157.00
11946,EUKALYPTUS GLOBULUS - 50 ml,268.60,325.00
11941,EUKALYPTUS GLOBULUS - vzorek 2 ml,44.63,54.00
195922,"KARITÉ  - lisované za studena, PSP - 5 ml",57.85,70.00
195926,"KARITÉ  - lisované za studena, PSP - 50 ml",141.32,171.00
195927,"KARITÉ  - lisované za studena, PSP - 100 ml",252.07,305.00
195929,"KARITÉ  - lisované za studena, PSP - 500 ml",1 009.09,1 221.00
195920,"KARITÉ  - lisované za studena, PSP - 1000 ml",1 783.47,2 158.00
70040,SUCHÉ UBROUSKY PERLIČKA  velká (v igelitovém sáčku se zipem),57.02,69.00
19367,CITRUSOVÝ MYCÍ OLEJ - 100 ml,289.26,350.00
19368,CITRUSOVÝ MYCÍ OLEJ - 200 ml,501.65,607.00
1936,CITRUSOVÝ MYCÍ OLEJ - vzorek 13 ml,54.55,66.01
19337,GRAVITA - MYCÍ OLEJ - 100 ml,180.17,218.00
19338,GRAVITA - MYCÍ OLEJ - 200 ml,298.35,361.00
1933,GRAVITA - MYCÍ OLEJ - vzorek 13 ml,40.50,49.01
11152,BENZOE ABSOLUE 55% (v ethanolu) - 5 ml,115.70,140.00
11153,BENZOE ABSOLUE 55% (v ethanolu) - 10 ml,201.65,244.00
11151,BENZOE ABSOLUE 55% (v ethanolu) - vzorek 2 ml,61.98,75.00
19475,"NEROLI HYDROLÁT, PSP - 30 ml",108.26,131.00
19477,"NEROLI HYDROLÁT, PSP - 100 ml",218.18,264.00
13332,LEVANDULE JEMNÁ (POPULATION) - 5 ml,109.09,132.00
13333,LEVANDULE JEMNÁ (POPULATION) - 10 ml,188.43,228.00
13334,LEVANDULE JEMNÁ (POPULATION) - 20 ml,354.55,429.00
13336,LEVANDULE JEMNÁ (POPULATION) - 50 ml,840.50,1 017.00
13337,LEVANDULE JEMNÁ (POPULATION) - 100 ml,1 518.18,1 837.00
13338,LEVANDULE JEMNÁ (POPULATION) - vzorek 2 ml,65.29,79.00
40080,LÉKOVKA 30ml SADA 10 ks,297.52,360.00
13342,LEVANDULE  JEMNÁ  DIVOKÁ  1700 m n.m. - 5 ml,280.99,340.00
13341,LEVANDULE  JEMNÁ  DIVOKÁ  1700 m n.m. - vzorek 2 ml,152.07,184.00
19817,BACH MILK (NEUTRÁLNÍ TĚLOVÉ MLÉKO) - 100 ml,155.37,188.00
19818,BACH MILK (NEUTRÁLNÍ TĚLOVÉ MLÉKO) - 200 ml,259.50,314.00
19819,BACH MILK (NEUTRÁLNÍ TĚLOVÉ MLÉKO) - 500 ml,499.17,604.00
40071,ROLL-ON  8ml,23.14,28.00,Ano
15502,ŘEBŘÍČEK MODRÝ - 5 ml,452.89,548.00
15501,ŘEBŘÍČEK MODRÝ - vzorek 2 ml,212.40,257.00
14202,MYRHA - 5 ml,222.31,269.00
14201,MYRHA - vzorek 2 ml,116.53,141.00
8301,VÍLA DIVOKÉ RŮŽE,243.80,295.00,Ano
8302,VÍLA RŮŽE,243.80,295.00,Ano
8303,VÍLA IRISU,243.80,295.00
8304,VÍLA TŘEŠŇOVÉHO KVĚTU,243.80,295.00
8305,VÍLA MÁKU,243.80,295.00
14752,PIMENTOVNÍK - 5 ml,100.00,121.00
14753,PIMENTOVNÍK - 10 ml,177.69,215.00
14751,PIMENTOVNÍK - vzorek 2 ml,63.64,77.00
16012,ŠALVĚJ MUŠKÁTOVÁ - 5 ml,127.27,154.00
16013,ŠALVĚJ MUŠKÁTOVÁ - 10 ml,230.58,279.00
16014,ŠALVĚJ MUŠKÁTOVÁ - 20 ml,438.84,531.00
16016,ŠALVĚJ MUŠKÁTOVÁ - 50 ml,994.21,1 203.00
16017,ŠALVĚJ MUŠKÁTOVÁ - 100 ml,1 838.84,2 225.00
16011,ŠALVĚJ MUŠKÁTOVÁ - vzorek 2 ml,75.21,91.00
16081,"TYMIÁN b.s. linalool, PSP - 2 ml",110.74,134.00
16082,"TYMIÁN b.s. linalool, PSP - 5 ml",200.83,243.00
70050,KARAFIÁT - ABSORBER A ODPAŘOVAČ SILIC - 1 ks,76.03,92.00
70060,LOTOS - ABSORBER A ODPAŘOVAČ SILIC,114.88,139.00,Ano
40023,LÁHEV PLASTOVÁ S BÍLÝM ŠROUBOVÝM UZÁVĚREM  13ml,9.92,12.00
70070,RŮŽIČKA - ABSORBER A ODPAŘOVAČ SILIC,114.88,139.00,Ano
70058,KARAFIÁT + POMERANČ SLADKÝ 10ml,133.06,161.00
40043,LÉKOVKA SKLENĚNÁ HNĚDÁ 10ml - 1 ks,9.09,11.00
40043-160,LÉKOVKA SKLENĚNÁ HNĚDÁ 10ml - balení 160 ks,1 206.61,1 460.00
12822,"JEDLE BÍLÁ, DIVOKÁ, PSP - 5 ml",163.64,198.00
12821,"JEDLE BÍLÁ, DIVOKÁ, PSP - vzorek 2 ml",91.74,111.00
70062,LOTOS + SMĚS SILIC AEOLUS 10ml,314.88,381.00
70063,LOTOS  + ÉTERICKÝ OLEJ CITRON  10ML,191.74,232.00
70065,LOTOS  + ÉTERICKÝ OLEJ GRAPEFRUIT 10ML,257.02,311.00
70066,LOTOS  + ÉTERICKÝ OLEJ LEMONGRAS,280.17,339.00
70068,LOTOS  + ÉTERICKÝ OLEJ POMERANČ 10ML,170.25,206.00
70069,LOTOS + SMĚS SILIC VÁNOCE,287.60,348.00
70061,LOTOS  + SMĚS SILIC LEMONIA,280.17,339.00
70073,RŮŽIČKA + ÉTERICKÝ OLEJ CITRON 10ml,191.74,232.00
70072,RŮŽIČKA + SMĚS SILIS AEOLUS 10ml,314.88,381.00
70075,RŮŽIČKA + ÉTERICKÝ OLEJ GRAPEFRUIT  10ml,257.02,311.00
70076,RŮŽIČKA + ÉTERICKÝ OLEJ LEMONGRAS 10ml,185.12,224.00
70078,RŮŽIČKA + ÉTERICKÝ OLEJ POMERANČ 10ml,170.25,206.00
70079,RŮŽIČKA + SMĚS SILIC VÁNOCE 10ml,287.60,348.00
70071,RŮŽIČKA + SMĚS SILIC LEMONIA 10ml,280.17,339.00
40046,LÉKOVKA SKLENĚNÁ HNĚDÁ 50ml - 1 ks,14.88,18.00
40046-105,LÉKOVKA SKLENĚNÁ HNĚDÁ 50ml - balení 105 ks,1 404.96,1 700.00
40044,LÉKOVKA SKLENĚNÁ HNĚDÁ 20ml - 1 ks,9.92,12.00
40044-180,LÉKOVKA SKLENĚNÁ HNĚDÁ 20ml - balení 180 ks,1 510.74,1 828.00
827,ZUBNÍ KARTÁČEK S BAMBUSOVÝMI ŠTĚTINKAMI,65.29,79.00,Ano
19706,GABRIELLA ŘEPÍKOVÝ GEL - 50 ml,197.52,239.00
12502,"HŘEBÍČEK plody, listy, stonky - 5 ml",54.55,66.00
12503,"HŘEBÍČEK plody, listy, stonky - 10 ml",80.99,98.00
12504,"HŘEBÍČEK plody, listy, stonky - 20 ml",142.98,173.00
12501,"HŘEBÍČEK plody, listy, stonky - vzorek 2 ml",46.28,56.00
19554,SOLLEA PLEŤOVÝ OLEJ - 20 ml,222.31,269.00
19726,MASÁŽNÍ GEL NA NOHY - 50 ml,220.66,267.00
19765,MASKA NA RUCE - 30 ml,204.13,247.00
40042,LÉKOVKA SKLENĚNÁ HNĚDÁ  5ml - 1 ks,7.44,9.00
40042-186,LÉKOVKA SKLENĚNÁ HNĚDÁ  5ml - balení 186 ks,1 222.31,1 479.00
40039,LÁHEV PET S ODKLÁPĚCÍM UZ. ČIRÁ PLOCHÁ 100ml,13.22,16.00
40068,DÓZA AIR-LESS bílá,38.84,47.00
15201,"RŮŽE DAMAŠSKÁ, OTTO - 2 ml",1 361.98,1 648.00
12401,HEŘMÁNEK MODRÝ - 2 ml,289.26,350.00
1241,HEŘMÁNEK ŘÍMSKÝ - 2 ml,231.40,280.00
1242,HEŘMÁNEK ŘÍMSKÝ - 5 ml,390.08,472.00
1243,HEŘMÁNEK ŘÍMSKÝ - 10 ml,733.88,888.00
1244,HEŘMÁNEK ŘÍMSKÝ - 20 ml,1 409.09,1 705.00
12701,"JASMÍN, ABSOLUE - 2 ml",740.50,896.00
13372,LEVANDULE JEMNÁ DIVOKÁ 1600 m.n.m. - 5 ml,279.34,338.00
13371,LEVANDULE JEMNÁ DIVOKÁ 1600 m.n.m. - vzorek 2 ml,150.41,182.00
14101,MEDUŇKA - 2 ml,636.36,770.00
14400,"NEROLI POMERANČOVÝ KVĚT, PSP - 1 ml",563.17,681.43
14401,"NEROLI POMERANČOVÝ KVĚT, PSP - 2 ml",1 083.12,1 310.57
15412,RŮŽOVÉ DŘEVO - 5 ml,233.06,282.00
15413,RŮŽOVÉ DŘEVO - 10 ml,429.75,520.00
15411,RŮŽOVÉ DŘEVO - vzorek 2 ml,124.79,151.00
15601,SANTALOVÉ DŘEVO - 2 ml,488.43,591.00
16751,VANILKA EXTRAKT CO2 - 2 ml,202.48,245.00
15851,VERBENA (Sporýš lékařský) 2ml - 2 ml,246.28,298.00
40090,"VIALKA SKLENĚNÁ ČIRÁ S PIPETOU, 3ml",21.49,26.00,Ano
32003,ROSTLINNÝ STABILIZÁTOR - 10 ml,195.87,237.00
20104,BETAKAROTEN - 20 ml,80.99,98.00
20106,BETAKAROTEN - 50 ml,127.27,154.00
14662,PERUBALZÁM - 5 ml,51.24,62.00
14663,PERUBALZÁM - 10 ml,89.26,108.00
13351,LEVANDULE MAILLETTE ROLL-ON - 8 ml,149.59,181.00
19235,DEODORÉ AQUA - DEODORANT PRO ŽENY - 30 ml,123.14,149.00
19237,DEODORÉ AQUA - DEODORANT PRO ŽENY - 100 ml,201.65,244.00
11972,"EUKALYPTUS  STAIGERIANA, PSP - 5 ml",57.85,70.00
11973,"EUKALYPTUS  STAIGERIANA, PSP - 10 ml",100.83,122.00
11974,"EUKALYPTUS  STAIGERIANA, PSP - 20 ml",186.78,226.00
11976,"EUKALYPTUS  STAIGERIANA, PSP - 50 ml",429.75,520.00
11977,"EUKALYPTUS  STAIGERIANA, PSP - 100 ml",752.07,910.00
11971,"EUKALYPTUS  STAIGERIANA, PSP - vzorek 2 ml",47.11,57.00
40091,VIALKA HNĚDÁ 2ml,11.57,14.00
20814,"Arganový olej panenský deodorizovaný, PSP - 20 ml",112.40,136.00
20816,"Arganový olej panenský deodorizovaný, PSP - 50 ml",209.09,253.00
20817,"Arganový olej panenský deodorizovaný, PSP - 100 ml",394.21,477.00
20818,"Arganový olej panenský deodorizovaný, PSP - 200 ml",733.06,887.00
11923,EUKALYPTUS ŠPANĚLSKÝ (AUSTRALSKÝ) - 10 ml,78.51,95.00
11924,EUKALYPTUS ŠPANĚLSKÝ (AUSTRALSKÝ) - 20 ml,138.84,168.00
11921,EUKALYPTUS ŠPANĚLSKÝ (AUSTRALSKÝ) - vzorek 2 ml,45.45,55.00
19603,BALZÁM NA RTY - 8 ml,129.75,157.00
40045,LÉKOVKA SKLENĚNÁ HNĚDÁ 30ml,12.40,15.00
40051,UZÁVĚR NA LÉKOVKY (PRO ROSTLINNÉ OLEJE),7.44,9.00,Ano
40151,TYČINKA NA RTY 8 ml,15.70,19.00
40100,DÁVKOVACÍ PIPETA SADA 1+1+3 ml,16.53,20.00
13932,MÁTA ROLNÍ se skleněnou kapací pipetou - 5 ml,62.81,76.00
13933,MÁTA ROLNÍ se skleněnou kapací pipetou - 10 ml,89.26,108.00
13934,MÁTA ROLNÍ se skleněnou kapací pipetou - 20 ml,157.85,191.00
13931,MÁTA ROLNÍ se skleněnou kapací pipetou - vzorek 2 ml,53.72,65.00
14823,"POMERANČ, SLADKÝ KbA, PSP - 10 ml",69.42,84.00
14824,"POMERANČ, SLADKÝ KbA, PSP - 20 ml",119.83,145.00
14821,"POMERANČ, SLADKÝ KbA, PSP - vzorek 2 ml",43.80,53.00
11522,"CITRON KbA, PSP - 5 ml",78.51,95.00
11523,"CITRON KbA, PSP - 10 ml",131.40,159.00
11524,"CITRON KbA, PSP - 20 ml",247.11,299.00
11526,"CITRON KbA, PSP - 50 ml",584.30,707.00
11527,"CITRON KbA, PSP - 100 ml",1 080.99,1 308.00
11521,"CITRON KbA, PSP - vzorek 2 ml",55.37,67.00
13331,LEVANDULE JEMNÁ (POPULATION) ROLL-ON - 8 ml,191.74,232.00
11113,BAZALKA (estragol) - 10 ml,86.78,105.00
11112,BAZALKA (estragol) - vzorek 2 ml,47.11,57.00
41001,VIALKA ČIRÁ 1ml,9.92,12.00,Ano
40024,"LAHVIČKA SE SPREJEM SKLO, ČIRÁ 30ml",26.45,32.00,Ano
19435,PLEŤOVÁ VODA KVĚTY - 30 ml,155.37,188.00
19437,PLEŤOVÁ VODA KVĚTY - 100 ml,266.12,322.00
19495,PLEŤOVÁ VODA RŮŽE - 30 ml,157.02,190.00
19497,PLEŤOVÁ VODA RŮŽE - 100 ml,257.85,312.00
19485,VŮNĚ PRO ŽENU - 30 ml,141.32,171.00
19487,VŮNĚ PRO ŽENU - 100 ml,190.08,230.00
700101,"AROMA FLAKON & Eukalyptus Staigeriana, PSP",203.31,246.00
700102,AROMA FLAKON & Pomeranč sladký,162.81,197.00
70011,SUCHÉ UBROUSKY PERLIČKA malá (v papírovém sáčku),40.50,49.00
70012,SUCHÉ UBROUSKY PERLIČKA  velká (v papírovém sáčku),54.55,66.00
700103,AROMA FLAKON & Lemongras,172.73,209.00
40130,ŘEDÍCÍ LAHVIČKA SKLENĚNÁ SE SPREJEM,32.23,39.00
12202,GRAPEFRUIT - 5 ml,80.17,97.00
12203,GRAPEFRUIT - 10 ml,150.41,182.00
12204,GRAPEFRUIT - 20 ml,278.51,337.00
12206,GRAPEFRUIT - 50 ml,640.50,775.00
12207,GRAPEFRUIT - 100 ml,1 119.83,1 355.00
12201,GRAPEFRUIT - vzorek 2 ml,57.85,70.00
19931,"NEROLI V JOJOBĚ, 99 % PSP - 3 ml",196.69,238.00
19932,"NEROLI V JOJOBĚ, 99 % PSP - 5 ml",245.45,297.00
19901,"JASMÍN V JOJOBĚ, 99% PSP - 3 ml",166.94,202.00
19903,"JASMÍN V JOJOBĚ, 99% PSP - 10 ml",261.16,316.00
19971,"HEŘMÁNEK V JOJOBĚ, 88 % PSP - 3 ml",197.52,239.00
19972,"HEŘMÁNEK V JOJOBĚ, 88 % PSP - 5 ml",283.47,343.00
19973,"HEŘMÁNEK V JOJOBĚ, 88 % PSP - 10 ml",461.16,558.00
19974,"HEŘMÁNEK V JOJOBĚ, 88 % PSP - 20 ml",777.69,941.00
19736,AGRIMONIA lubrikační gel - 30 ml,225.62,273.00
700104,AROMA FLAKON & VÁNOCE,275.21,333.00
700105,AROMA FLAKON - 1 ks,102.48,124.00
700100,AROMA FLAKON - 2 ks,152.07,184.00
16301,VAVŘÍN éterický olej - 2 ml,63.64,77.00
16302,VAVŘÍN éterický olej - 5 ml,98.35,119.00
831,ZUBNÍ KARTÁČEK PRO DĚTI,65.29,79.00,Ano
40012,KAPACÍ SKLENĚNÁ PIPETA na lékovku 5ml,15.70,19.00,Ano
40013,KAPACÍ SKLENĚNÁ PIPETA na lékovku 10ml,16.53,20.00
40014,KAPACÍ SKLENĚNÁ PIPETA na lékovku 20ml,17.36,21.00
40016,KAPACÍ SKLENĚNÁ PIPETA na lékovku 50ml,18.18,22.00,Ano
40017,KAPACÍ SKLENĚNÁ PIPETA na lékovku 100ml,19.01,23.00
12711,"JASMÍN SAMBAC, CO2 - 2 ml",417.36,505.00
19311,DELFÍNEK - DĚTSKÝ KOUPELOVÝ OLEJ velký - 1000 ml,1 500.83,1 816.00
19310,DELFÍNEK - DĚTSKÝ KOUPELOVÝ OLEJ velký - 3000 ml,4 400.00,5 324.00
90700,Dárkový poukaz 700,578.51,700.00
90500,Dárkový poukaz 500Kč,413.22,500.00
40015,KAPACÍ SKLENĚNÁ PIPETA na lékovku 30ml,17.36,21.00,Ano
91000,Dárkový poukaz 1000,826.45,1 000.00
91200,Dárkový poukaz 1200,991.74,1 200.00
91500,Dárkový poukaz 1500,1 239.67,1 500.00
19401,MEDVÍDEK - MYCÍ OLEJ NA ZADEČKY velký - 3000 ml,3 209.09,3 883.00
20251,MANDLOVÝ OLEJ lisovaný za studena 3l,2 448.76,2 963.00
40018,KAPACÍ SKLENĚNÁ PIPETA na lékovku 10ml (balení 500ks),6 132.23,7 420.00
40019,KAPACÍ SKLENĚNÁ PIPETA na lékovku 5 ml (balení 500ks),5 882.64,7 118.00
40020,KAPACÍ SKLENĚNÁ PIPETA na lékovku 20 ml (balení 500ks),5 890.91,7 128.00
40021,KAPACÍ SKLENĚNÁ PIPETA na lékovku 30ml (balení 500ks),5 882.64,7 118.00
40011,KAPACÍ SKLENĚNÁ PIPETA na lékovku 100ml  (balení 500ks),6 334.71,7 665.00
40022,KAPACÍ SKLENĚNÁ PIPETA na lékovku 50ml (balení 500ks),6 334.71,7 665.00
40048,LÉKOVKA SKLENĚNÁ HNĚDÁ 30ml (168 ks na platě),1 839.67,2 226.00
12421,HEŘMÁNEK MAROCKÝ - 2 ml,311.57,377.00
12422,HEŘMÁNEK MAROCKÝ - 5 ml,540.50,654.00
124213,HEŘMÁNEK MAROCKÝ - 10 ml,1 055.37,1 277.00
12424,HEŘMÁNEK MAROCKÝ - 20 ml,1 952.07,2 362.00
20925,OLIVEM 1000 - 250 g,464.46,562.00
20905,OLIVEM 1000 - 50 g,140.50,170.00
2025,MANDLOVÝ OLEJ lisovaný za studena VZOREK 1ml,34.71,42.00
40052,UZÁVĚR BEZPEČNOSTNÍ NA LÉKOVKY BÍLÝ (PRO ÉTERICKÉ OLEJE),6.61,8.00,Ano
89030,MŮJ PRŮVODCE TĚHOTENSTVÍM,139.13,160.00
20357,OLEJ Z KUKUŘIČNÝCH KLÍČKŮ LISOVANÝ ZA STUDENA - 100 ml,139.67,169.00
30014,Sada pro výrobu HARMONIZUJÍCÍHO SPRCHOVÉHO OLEJE,471.07,570.00,Ano
40040,LÁHEV PET S ODKLÁPĚCÍM UZ. bílá  200ml,23.14,28.00
11103,BADYÁN (HVĚZDICOVÝ ANÝZ) - 10 ml,73.55,89.00
11104,BADYÁN (HVĚZDICOVÝ ANÝZ) - 20 ml,128.10,155.00
11106,BADYÁN (HVĚZDICOVÝ ANÝZ) - 50 ml,280.99,340.00
12911,KARDAMOM - 2 ml,186.78,226.00
12912,KARDAMOM - 5 ml,377.69,457.00
12913,KARDAMOM - 10 ml,717.36,868.00
12914,KARDAMOM - 20 ml,1 404.96,1 700.00
12916,KARDAMOM - 50 ml,3 232.23,3 911.00
13311,LEVANDULE ÚZKOLISTÁ DIVOKÁ 1200 m n.m. - 2 ml,106.36,128.70
13312,LEVANDULE ÚZKOLISTÁ DIVOKÁ 1200 m n.m. - 5 ml,204.55,247.50
13313,LEVANDULE ÚZKOLISTÁ DIVOKÁ 1200 m n.m. - 10 ml,377.85,457.20
13314,LEVANDULE ÚZKOLISTÁ DIVOKÁ 1200 m n.m. - 20 ml,729.67,882.90
13316,LEVANDULE ÚZKOLISTÁ DIVOKÁ 1200 m n.m. - 50 ml,1 660.91,2 009.70
13317,LEVANDULE ÚZKOLISTÁ DIVOKÁ 1200 m n.m. - 100 ml,3 073.39,3 718.80
15731,"SMIL ITALSKÝ (SLAMĚNKA, HELICHRYSUM) - 2 ml",534.71,647.00
15732,"SMIL ITALSKÝ (SLAMĚNKA, HELICHRYSUM) - 5 ml",1 102.48,1 334.00
17803,EXTRAKT Z GRAPEFRUITOVÝCH JADER - 20 g,185.12,224.00
14503,NIAOULI - 10 ml,81.82,99.00
14504,NIAOULI - 20 ml,145.45,176.00
12961,Ho-sho (b.s. linalool) - 2 ml,49.59,60.00
12962,Ho-sho (b.s. linalool) - 5 ml,63.64,77.00
12963,Ho-sho (b.s. linalool) - 10 ml,100.83,122.00
12964,Ho-sho (b.s. linalool) - 20 ml,186.78,226.00
12966,Ho-sho (b.s. linalool) - 50 ml,417.36,505.00
12967,Ho-sho (b.s. linalool) - 100 ml,771.90,934.00
12922,"Kafr, bílý - 5 ml",47.11,57.00
12923,"Kafr, bílý - 10 ml",64.46,78.00
12924,"Kafr, bílý - 20 ml",113.22,137.00
12926,"Kafr, bílý - 50 ml",260.33,315.00
12927,"Kafr, bílý - 100 ml",455.37,551.00
19407,MEDVÍDEK mycí olej na zadečky - 100 ml,184.30,223.00
19408,MEDVÍDEK mycí olej na zadečky - 200 ml,304.96,369.00
19409,MEDVÍDEK mycí olej na zadečky - 500 ml,612.40,741.00
19400,MEDVÍDEK mycí olej na zadečky - 1000 ml,1 109.09,1 342.00
14912,RAVENSARA AROMATICA - 5 ml,104.96,127.00
14913,RAVENSARA AROMATICA - 10 ml,206.61,250.00
14914,RAVENSARA AROMATICA - 20 ml,382.64,463.00
14916,RAVENSARA AROMATICA - 50 ml,880.17,1 065.00
14917,RAVENSARA AROMATICA - 100 ml,1 585.12,1 918.00
70013,MUŠLIČKA - NÁHRADNÍ ABSORBER BEZ TALÍŘKU - 1 ks,123.14,149.00
70014,RŮŽIČKA - NÁHRADNÍ ABSORBER BEZ TALÍŘKU - 1 ks,91.74,111.00
70015,LOTOS - NÁHRADNÍ ABSORBER BEZ TALÍŘKU - 1 ks,91.74,111.00
40131,ŘEDÍCÍ LAHVIČKA HNĚDÁ SKLENĚNÁ SE SPREJEM,32.23,39.00
K1010006,"ŘEDKEV DAIKON (bílá), PSP - 6 g",22.61,26.00
K1010100,"ŘEDKEV DAIKON (bílá), PSP - 100 g",66.96,77.00
K1010200,"ŘEDKEV DAIKON (bílá), PSP - 200 g",113.04,130.00
K1010500,"ŘEDKEV DAIKON (bílá), PSP - 500 g",237.39,273.00
K1020005,"ŘEPA SANGRIA BÝČÍ KREV, PSP - 5 g",24.35,28.00
K1020100,"ŘEPA SANGRIA BÝČÍ KREV, PSP - 100 g",106.09,122.00
K1020200,"ŘEPA SANGRIA BÝČÍ KREV, PSP - 200 g",192.17,221.00
K1020400,"ŘEPA SANGRIA BÝČÍ KREV, PSP - 400 g",356.52,410.00
70025,INHALAČNÍ FLAKON,36.36,44.00
K1030007,"ALFALFA - VOJTĚŠKA, PSP - 7 g",24.35,28.00
K1030100,"ALFALFA - VOJTĚŠKA, PSP - 100 g",80.00,92.00
K1030200,"ALFALFA - VOJTĚŠKA, PSP - 200 g",139.13,160.00
K1030500,"ALFALFA - VOJTĚŠKA, PSP - 500 g",302.61,348.00
K1040006,"ŘEPA PINK LADY, PSP - 6 g",25.22,29.00
K1040100,"ŘEPA PINK LADY, PSP - 100 g",113.04,130.00
K1040200,"ŘEPA PINK LADY, PSP - 200 g",205.22,236.00
K1040400,"ŘEPA PINK LADY, PSP - 400 g",382.61,440.00
K1050006,"ŘEPA RED LADY, PSP - 6 g",25.22,29.00
K1050100,"ŘEPA RED LADY, PSP - 100 g",113.04,130.00
K1050200,"ŘEPA RED LADY, PSP - 200 g",205.22,236.00
K1050400,"ŘEPA RED LADY, PSP - 400 g",382.61,440.00
K1060007,"KORIANDR ZELENÝ, PSP - 7 g",22.61,26.00
K1060050,"KORIANDR ZELENÝ, PSP - 50 g",45.22,52.00
K1060100,"KORIANDR ZELENÝ, PSP - 100 g",63.48,73.00
K1060200,"KORIANDR ZELENÝ, PSP - 200 g",106.09,122.00
70080,"ČICHOVÁ SADA pro TRÉNINK ČICHU, FLOWER",246.28,298.00
70081,"ČICHOVÁ SADA pro TRÉNINK ČICHU, KALEIDOSKOP",246.28,298.00
70083,KAPSIČKA NA INHALAČNÍ FLAKONY,55.37,67.00
K1070006,"ŘEDKEV RUBÍN, PSP - 6 g",22.61,26.00
K1070100,"ŘEDKEV RUBÍN, PSP - 100 g",66.96,77.00
K1070200,"ŘEDKEV RUBÍN, PSP - 200 g",113.04,130.00
K1070500,"ŘEDKEV RUBÍN, PSP - 500 g",237.39,273.00
K1080007,"ŘEŘICHA, PSP - 7 g",23.48,27.00
K1080100,"ŘEŘICHA, PSP - 100 g",81.74,94.00
K1080200,"ŘEŘICHA, PSP - 200 g",142.61,164.00
K1080500,"ŘEŘICHA, PSP - 500 g",311.30,358.00
K1090006,"TATSOI TANGA, PSP - 6 g",24.35,28.00
K1090050,"TATSOI TANGA, PSP - 50 g",59.13,68.00
K1090100,"TATSOI TANGA, PSP - 100 g",91.30,105.00
K1090200,"TATSOI TANGA, PSP - 200 g",161.74,186.00
K1090500,"TATSOI TANGA, PSP - 500 g",360.87,415.00
K1100015,"HRÁŠEK ZELENÝ, PSP - 15 g",23.48,27.00
K1100100,"HRÁŠEK ZELENÝ, PSP - 100 g",47.83,55.00
K1100200,"HRÁŠEK ZELENÝ, PSP - 200 g",68.70,79.00
K1100500,"HRÁŠEK ZELENÝ, PSP - 500 g",135.65,156.00
K1101000,"HRÁŠEK ZELENÝ, PSP - 1000 g",241.74,278.00
40053,SPREJ NA LÉKOVKY 30 ml,21.49,26.00
40055,SPREJ NA LÉKOVKY 100 ml,21.49,26.00
40060,DÁVKOVACÍ PUMPIČKA  k výrobkům o objemu 500 ml,15.70,19.00
826,ZUBNÍ KARTÁČEK S NYLONOVÝMI ŠTĚTINKAMI,65.29,79.00,Ano
40141,LÉKOVKA HNĚDÁ SKLENĚNÁ 30ML SE SPREJEM,32.23,39.00
K111,"Sada semen k pěstování, PSP",238.26,274.00
1954,OLIBANUM regener. olej a pleť. maska - VZOREK - 2 ml,107.44,130.00
14802,POMERANČ SLADKÝ 5 ml VZOREK - 5 ml,41.32,50.00
89040,NOVÁ VOŇAVÁ LÉKÁRNA,813.64,895.00
40147,LÉKOVKA SKLENĚNÁ HNĚDÁ 100ml se sprejem - 1 ks,39.67,48.00
40147-68,LÉKOVKA SKLENĚNÁ HNĚDÁ 100ml se sprejem - balení 68 ks,2 528.93,3 060.00
16772,RADOSTNÝ DEN - 5 ml,166.12,201.00
16773,RADOSTNÝ DEN - 10 ml,252.89,306.00
5013,LÁHEV 0.5 l - plast,12.40,15.00
5014,LÁHEV 1 l - plast,17.36,21.00
KD090006,"TATSOI TANGA, PSP – DÁREK - 6 g",24.35,28.00
KD020005,"ŘEPA SANGRIA BÝČÍ KREV, PSP – DÁREK - 5 g",24.35,28.00
D13502,MANDARINKA ČERVENÁ - DÁREK - 5 ml,78.51,95.00
16090,"TYMIÁN b.s. linalool/geraniol, PSP - 1.5 ml",203.80,246.60
